1747.5,86.587,4546.6,316.07,13.893,190,45,153.2
289.96,165.69,8376.6,336.41,15.194,210,30,149.74
755.71,81.416,4564,360.69,16.221,210,30,142.45
225.92,236.85,7568.3,332.5,10.565,210,45,205.81
940.48,131.91,7949.8,319.38,15.777,190,45,155.82
811.98,242.04,7756.8,324.13,9.1941,210,30,126.11
1421.8,258.63,1149.2,326.33,9.721,200,45,204.88
552.11,202.35,3849.7,347.17,19.281,210,30,152.02
1164.5,55.291,2725.4,360.5,18.018,190,45,187.36
1530.2,95.35,5377.1,370.34,2.3198,210,45,154.72
633.67,165.4,6805.5,315.85,19.062,190,30,133.81
811.59,165.24,2101.8,364.36,15.578,190,30,151.82
1714.8,76.146,6587.6,349,7.381,190,45,137.18
648.73,200.86,5349,318.74,18.277,210,30,142.25
779.44,152.13,938.17,354.87,18.298,210,30,164.09
1316.2,288.22,4193.4,319.94,5.0121,200,30,128.74
1425.1,60.748,2956.2,346.02,19.625,200,45,179.9
1599.1,88.705,8219.7,338.93,0.95274,210,30,102.4
396.84,241.96,4685.4,364.71,4.481,200,45,202.36
383.44,187.21,8593.6,331.78,13.514,200,45,187.87
628.1,249.84,4670.2,356.68,2.5534,200,45,191.61
758.76,48.833,5485.4,366.77,13.53,190,45,178.83
545.5,110.75,7551,356.52,10.923,190,45,179.26
1058.6,132.97,7983.1,358.85,1.0832,210,45,153.98
1610.6,112.94,2470.5,367.93,9.8709,210,30,139.1
1829.1,141.62,3983.8,353.96,3.2351,200,45,158.69
1288.7,132.17,8710.2,316.19,11.884,210,30,106.67
724.27,67.01,5141.1,351.65,16.677,200,45,184.09
1454.1,45.82,2822,369.36,10.847,200,45,180.96
330.67,86.489,4226,349.55,19.733,210,45,209.32
634.41,171.86,1172.1,364.1,13.577,200,45,215.45
597.59,57.945,5042.8,357.41,19.781,210,45,192.18
919.15,49.429,6078.8,370.21,11.826,210,30,129.79
393.21,147.68,2597.9,372.23,13.234,200,45,211.95
908.25,282.07,6167,317.42,11.41,210,45,170.76
478.4,100.04,4538.3,354.58,17.808,190,45,197.15
1570,97.668,1749.6,366.15,11.048,190,30,144
1892.6,129.45,1934.7,340.25,13.245,200,45,184.69
1048.9,78.313,8565.6,327.98,12.85,210,30,114.45
982.27,286.01,4065.7,322.19,13.424,190,30,135.76
1729.2,203.38,3327.9,318.49,9.5822,200,30,127.47
524.49,98.334,4727.6,360.26,19.523,190,45,194.01
249.58,263.02,3112.6,359.45,11.766,210,45,216.96
478.33,167.91,8568.7,355.64,6.4057,200,45,180.96
1892.6,129.45,1934.7,340.25,13.245,190,45,183.07
1786.9,66.434,4157.9,359.67,5.2059,190,45,156.4
829.46,244.01,8235.2,317.41,10.975,190,45,159.76
213.8,107.19,8088.1,359.03,10.046,200,30,153.47
1425.1,60.748,2956.2,346.02,19.625,190,45,178.33
1579.2,259.76,4987,317.31,4.2924,200,30,117.8
1628.6,152.85,3906.5,317.52,16.872,210,30,125.77
1746,191.73,2872.3,314.03,16.007,210,45,175.09
383.44,187.21,8593.6,331.78,13.514,190,45,186.27
350.2,268.35,5880.1,330.25,12.04,200,45,200.15
1566.7,163.92,4052.8,362.8,2.406,200,45,164.61
353.31,273.71,5335.2,330.19,12.562,190,30,150.37
565.97,197.6,1117.6,363.54,9.8823,200,30,163.09
494,241.85,3891.1,339.23,18.808,200,45,201.55
1818.8,204.49,3511.3,343.71,3.6339,210,30,125.88
1937.4,102.82,4952.1,357.74,0.87098,210,45,148.5
569.42,150.71,2125.2,352.96,19.454,200,45,209.64
1271.4,214.95,4064.6,368.08,2.3078,210,30,132.22
1153.9,235.58,2650.3,321.69,17.819,190,45,188.41
260.45,85.534,8646.4,340.68,15.886,200,45,198.1
685.36,165.48,6734.5,319.42,19.736,200,45,176.6
633.67,165.4,6805.5,315.85,19.062,200,45,179.05
1718.7,238.68,1058.6,345.67,6.1418,210,45,204.69
424.58,200.06,8634.3,327.59,8.1324,210,30,141.07
253.21,166.77,2567.5,351.06,19.689,200,30,162.87
604.99,188.36,1472.2,357.26,17.464,210,45,215.51
1727.6,200.46,4512.3,313.41,7.679,200,30,118.04
1674.6,34.044,4941.4,329.62,13.192,210,30,117.28
217.21,270.66,5352.7,354.21,4.4947,210,30,160.23
864.03,218.87,1600.3,346.89,18.716,190,30,154.46
609.92,220.95,4835.7,364.81,0.35477,200,45,191.91
1908.2,229.49,4114.8,318.1,8.2683,210,45,156.42
499.92,251.23,7209.7,328.21,9.1917,210,45,186.79
1489.8,75.681,8125.2,337.9,5.5026,210,30,104.19
1410,190.15,2990,371.12,1.8102,190,45,178.74
276.49,247.65,3847.6,349.98,11.901,200,30,159.13
690.17,275.79,6984.6,339.51,0.89708,200,30,132.84
863.98,80.686,7929.1,348.93,14.887,200,45,160.96
1042.6,68.082,7460.4,352.82,7.301,190,30,116.85
1881.4,156.39,2498.9,352.53,6.5712,200,30,133.24
851.27,185.3,7375.5,323.31,17.885,210,45,165.96
1665.6,206.47,2925.2,344.26,3.2116,190,30,130.82
736.02,244.5,7395.6,343.14,2.8453,190,45,169.28
1074.5,65.887,5829.4,367.87,5.7379,200,30,124.98
569.42,150.71,2125.2,352.96,19.454,190,45,207.75
330.67,86.489,4226,349.55,19.733,200,30,156.16
1683,233.3,3743.3,317.46,10.874,190,45,163.19
1829.1,141.62,3983.8,353.96,3.2351,210,30,121.74
724.66,199.49,1047.2,339.01,16.52,190,30,159.91
1215.2,256.6,3307.4,354.57,3.3369,200,45,181.81
1052.6,254.99,6942.3,332.34,1.9652,200,30,120.37
1217.4,212.22,8068.3,316.14,7.5121,200,45,144.85
580.54,186.78,1149.7,362.24,15.995,210,30,164.69
1581.1,35.073,8874.7,333.09,9.7808,210,45,128.78
521.69,294.23,3545.3,346.27,14.669,190,30,150.64
1764.6,156.48,3879.1,319.96,14.04,210,30,123.49
864.98,170.09,2013.8,352.82,16.473,210,45,205.43
1905.6,161.23,1937.5,360.83,6.1383,190,30,137.75
580.69,49.541,7233.2,348.25,19.277,190,45,178.45
1875.4,205.62,1849.9,336.48,10.535,200,45,186.44
1718.7,238.68,1058.6,345.67,6.1418,190,30,150.99
909.87,248.41,4657.9,314.82,12.321,200,30,135.87
682.37,154.73,5997,319.54,18.184,210,30,138.28
428.51,267.68,4677.1,350.42,7.7742,190,45,198.98
1539.3,249.68,5112.5,320.6,5.7723,200,45,155.11
213.8,107.19,8088.1,359.03,10.046,190,30,151.64
1523.9,139.29,8549.3,324.28,5.1452,200,45,131.58
1652,158.57,3872.1,351.24,1.5635,210,45,165.87
652,200.68,8574.9,342.98,2.3908,210,45,171.19
1316.2,288.22,4193.4,319.94,5.0121,190,30,127.28
381.18,253.28,7269.8,337.53,7.7289,210,45,194.66
1419.1,30.645,8643.8,344.9,7.0657,190,45,133.32
1305.4,250.05,3559.5,346.03,1.044,200,30,133.81
1501.8,48.86,2815.9,363.95,10.598,210,30,137.54
769.21,185.14,1459.5,350.78,18.913,210,45,212.61
425.1,222.41,5267,333.66,19.04,200,45,198.16
478.4,100.04,4538.3,354.58,17.808,210,30,151.7
1783.2,118.46,5541.4,314.18,13.503,190,45,143.26
1845.7,191.22,6853,335.53,2.376,200,30,101.87
908.25,282.07,6167,317.42,11.41,200,45,169.33
539.89,238.54,7601.8,344.09,6.4912,210,30,138.25
977.54,296.18,3526.4,357.93,3.5544,210,45,188.36
1421.6,99.409,8349.5,338.85,0.51488,190,30,104.72
1046.2,281.49,3340.9,352.73,0.6443,190,30,139.27
550.56,129.62,6029.1,370.81,8.794,190,30,140.13
1546.5,184.78,8320.8,319.07,6.8357,210,45,133.08
1660.4,122.35,5150,359.78,0.33919,210,45,155.56
841.59,145.64,7605.2,321.74,13.603,200,45,163.85
1038.4,121.84,1659.6,361.13,16.5,200,45,203.81
250,126.66,8353.5,338.5,15.024,190,30,148.82
1079.5,69.208,3926.1,352.75,18.076,210,30,137.39
312.04,184.04,6120.4,368.36,4.5627,190,30,150.25
602.91,191.79,8171.3,353.01,1.9196,210,30,133.57
1410,190.15,2990,371.12,1.8102,190,30,134.61
1988.4,215.92,4593.9,335.83,3.3021,200,30,112.95
1660,236.6,3743.8,317.46,8.8779,210,45,166.6
1436.1,63.62,7669,345.49,6.8553,200,30,106.36
1454.1,45.82,2822,369.36,10.847,190,45,179.38
315.37,207.98,8253.4,332.78,10.97,200,45,194.52
383.44,187.21,8593.6,331.78,13.514,210,45,189.59
251.16,143.14,3666.9,352.44,18.656,200,30,160.38
1888.2,214.76,2611.4,320.03,11.949,200,45,174.3
1570,97.668,1749.6,366.15,11.048,190,45,191.51
1632.4,146.42,8533.3,322.15,6.186,200,30,98.123
1724.1,97.43,5535,356.96,3.5607,190,45,145.32
1905.4,124.97,1510.9,354.87,10.444,200,45,191.93
1421.6,99.409,8349.5,338.85,0.51488,190,45,137.66
1963.1,194.21,2272.3,347.32,7.504,210,30,136.14
473.96,149.87,8000,335.42,13.204,210,30,140.2
1425.1,60.748,2956.2,346.02,19.625,210,45,181.47
1615.8,74.195,4827.3,370.92,6.9659,200,30,118.05
1378.5,130.01,2280.4,340.69,18.491,210,30,144.53
779.44,152.13,938.17,354.87,18.298,200,30,162.13
339,264.26,7056,325.63,9.4462,210,30,150.02
1242.5,220.63,2165.1,362.08,6.8515,190,45,192.09
1760.5,155.05,1236.3,356.97,7.1297,200,30,149.99
1230.7,45.671,6626.9,371.79,5.3445,200,45,153.58
1862.9,211.73,1931.6,344.26,6.6599,190,45,183.74
222.79,253.55,6736.5,331.4,9.8426,210,30,157.13
905.42,277.08,4884.9,349.7,3.3327,210,45,180.05
1773.4,80.722,4668.1,331.42,14.83,190,30,114.71
1717.9,232.61,3241.8,346.39,4.1326,200,45,169.81
1980.4,69.959,3185.7,355.39,11.293,190,45,163.17
1885.6,192.84,4871.8,316.16,4.7863,210,45,149.35
1158,35.624,8116.4,328.16,15.545,210,45,147.96
422.38,262.58,4784.6,327.85,13.696,190,30,149.25
222.79,253.55,6736.5,331.4,9.8426,190,30,153.46
898.15,224.95,5274.1,316.34,19.587,210,30,134.37
1566.7,163.92,4052.8,362.8,2.406,210,45,166.01
456.88,154.9,3911.3,367,13.184,190,45,201.27
833.9,82.42,7862.3,349.06,13.621,200,30,123.47
1566.7,163.92,4052.8,362.8,2.406,210,30,126.1
1685.5,239.88,1945.6,346.25,5.9011,200,45,188.25
1523.9,139.29,8549.3,324.28,5.1452,190,30,99.506
863.23,213.57,1001.3,347.86,16.436,190,30,158.94
1082.7,107.39,6277.8,368.69,3.8502,210,45,162.97
311.08,234.46,8517.1,327.93,10.095,200,45,194.09
893.67,51.877,5983.6,343.76,17.416,200,45,171.12
1883.5,148.74,2034.6,327.84,13.851,200,30,138.38
1530.2,95.35,5377.1,370.34,2.3198,200,30,116.57
940.48,131.91,7949.8,319.38,15.777,200,45,157.12
393.4,88.037,7030.3,373.14,8.4898,190,45,191.37
893.67,51.877,5983.6,343.76,17.416,210,30,131
1794,149.23,1840,330.76,12.374,200,30,141.85
1299.2,186.65,1692.1,371.83,5.9608,190,45,197.06
1410,190.15,2990,371.12,1.8102,210,45,181.87
961.39,92.651,2328.6,356.23,19.524,210,30,151.18
960.12,231.76,2139.6,327.07,18.038,200,45,200.16
1890.4,31.744,4308.5,334.87,16.033,190,30,115.24
489.78,153.91,7087.5,366.88,6.9472,190,45,184.66
1255.2,236.99,985.15,327.42,17.187,190,30,155.69
829.14,289.2,2408.2,342.53,14.441,190,30,149.48
1256.4,213.04,7863.5,323.81,7.7405,190,30,108.89
1159.2,50.543,5771.5,329.37,17.862,190,30,121.46
1164.5,55.291,2725.4,360.5,18.018,200,45,189.02
276.49,247.65,3847.6,349.98,11.901,200,45,211.47
833.9,82.42,7862.3,349.06,13.621,210,45,164.26
503.06,134.64,4623,372.11,13.598,190,30,147.02
1882.1,97.715,6170.9,323.06,11.615,190,30,103.31
206.63,273.17,7343.7,336.5,11.522,200,30,155.21
1794,149.23,1840,330.76,12.374,210,45,189.59
254.05,245.57,4732.9,332.84,19.548,210,45,211.58
1634.1,131.81,8979.9,322.56,12.035,200,30,96.142
1560.2,87.279,8218.7,342.67,3.2846,200,45,132.57
1533,170.16,8510.4,316.06,6.6954,190,45,130.37
251.16,143.14,3666.9,352.44,18.656,210,30,162.28
1705.4,141.34,2519.5,353.47,8.0909,190,30,134.04
1478.2,264.38,1299.8,327.49,11.965,200,45,201.68
1341.6,180.41,1238.5,365.29,8.0165,200,45,204.61
1546.5,184.78,8320.8,319.07,6.8357,190,45,131.01
289.68,191.5,3367.6,370.15,14.821,190,30,157.94
607.26,217.46,4279.1,361.46,1.8417,190,30,145.15
1952.1,68.07,7110.1,345.34,7.685,190,30,97.229
1446.6,288.93,1816.9,335.44,10.593,190,45,192.63
1679.6,184.73,3945.7,314.43,13.454,190,45,161.04
1316.2,288.22,4193.4,319.94,5.0121,190,45,168.65
597.14,155.49,7658,323.83,14.934,200,30,133.82
1410,190.15,2990,371.12,1.8102,210,30,137.74
860.24,228.4,5279.8,318.45,19.733,210,45,178.72
604.59,223.3,4970,367.63,2.1179,210,45,192.59
1560.2,87.279,8218.7,342.67,3.2846,210,45,133.62
812.62,165.19,5938.4,319.13,18.903,210,45,176.48
1288.7,132.17,8710.2,316.19,11.884,190,30,104.46
1020.7,47.346,3795.3,372.17,14.953,200,30,138.12
1378.5,130.01,2280.4,340.69,18.491,190,30,141.21
864.98,170.09,2013.8,352.82,16.473,190,45,201.76
997.75,57.716,3387,359.57,16.49,190,30,139.65
1335.9,255.91,2769.1,344.71,2.6424,200,30,139.38
1818.8,204.49,3511.3,343.71,3.6339,200,45,164.28
278.13,269.4,6065.7,342.23,4.3816,210,30,155.64
690.17,275.79,6984.6,339.51,0.89708,200,45,175.71
1862.9,211.73,1931.6,344.26,6.6599,210,30,141.55
633.67,165.4,6805.5,315.85,19.062,210,45,180.6
283.5,179.41,8048.5,355.64,4.7105,190,45,196.21
1415.4,284.03,4019,345.63,3.2304,200,45,169.01
405.04,115.52,7819.4,356.27,8.3108,200,30,142.79
1412,138.75,8664.4,328.06,0.65014,200,45,136.77
613.75,286.13,2057.5,351.79,9.3025,200,30,157.42
966.28,56.589,7722.1,331.47,12.758,210,45,158.62
829.46,244.01,8235.2,317.41,10.975,200,45,161.11
213.33,217.16,8223,327.63,11.713,190,30,151.35
379.33,177.06,7186.1,362.51,4.2777,200,30,145.77
1192.9,42.969,3668.7,369.82,16.016,200,30,135.04
1261.2,269.93,2986.5,319.3,13.594,210,30,140.39
285.44,94.421,6354.6,364.62,9.3529,200,45,202.87
997.97,50.308,7662.8,360.73,6.5143,200,30,118.72
863.98,80.686,7929.1,348.93,14.887,190,45,159.61
1368.6,76.875,5183.4,368.4,4.6133,210,45,161.1
1810.9,120.11,5060.8,316.54,12.412,210,45,149.2
656.43,247.59,1533.6,340.51,14.841,200,30,159.6
889.53,160.56,8752,360.27,1.861,200,45,155.99
1714.8,76.146,6587.6,349,7.381,190,30,104.39
596.85,68.417,6944.1,366.02,10.196,190,45,179.03
645.33,204.3,5725.5,314.59,16.839,190,45,182.68
1143.3,228.77,922.6,364.53,6.4838,210,45,213.62
909.87,248.41,4657.9,314.82,12.321,210,45,181.32
491.65,211.09,5754.2,369.76,5.5911,200,45,192.39
1895.1,73.827,4103,355.76,11.115,200,30,118.1
1943.6,114.53,6031.8,320.83,11.778,190,30,102.99
1159.2,50.543,5771.5,329.37,17.862,200,45,161.95
1777.2,59.537,5743.5,353.96,5.7378,190,30,107.88
1003.7,72.333,8944.8,355.91,4.41,200,45,149.25
1966.5,174.77,5943.1,317.26,5.4093,200,45,136.77
634.32,256.11,5915.9,342.67,0.92126,210,30,140.76
311.08,234.46,8517.1,327.93,10.095,200,30,146.28
1309.2,51.463,7862.5,340.23,6.595,200,30,108.73
963.29,117.82,7757.9,359.13,2.1019,200,30,119.72
1679.6,184.73,3945.7,314.43,13.454,200,30,123.16
846.48,150.57,7266.6,313.75,19.373,210,45,166.82
498.7,179.31,8553.8,349.73,6.7472,200,30,135.62
329.01,149.54,8531.6,355.18,4.879,200,45,192.67
864.98,170.09,2013.8,352.82,16.473,190,30,151.52
723.09,278.24,2346.6,340.46,13.61,200,45,204.09
863.98,80.686,7929.1,348.93,14.887,200,30,122.11
1783.2,118.46,5541.4,314.18,13.503,210,45,145.61
579.46,144.13,6545.7,317,16.132,210,45,185.06
997.97,50.308,7662.8,360.73,6.5143,190,30,117.41
1516.4,275.02,1924.1,341,5.8716,190,45,189.95
1510.8,158.24,8362.7,337.06,2.0007,200,45,133.6
278.13,269.4,6065.7,342.23,4.3816,190,45,202.45
954.9,288.22,1105.4,360.16,6.277,210,30,161.14
915.41,51.311,4826.1,351.46,17.406,210,30,136.31
478.62,172.51,6854.2,372.15,6.0898,200,45,188.26
345.05,175.92,7177.5,332.49,16.762,210,30,149.3
524.49,98.334,4727.6,360.26,19.523,210,30,149.31
728.2,64.849,4507.6,362.57,13.133,200,30,141.97
697.02,50.772,7181.3,371.66,10.954,210,45,175.26
431.56,238.23,7622,345.1,7.0302,210,30,143.51
1882.1,97.715,6170.9,323.06,11.615,200,45,136.81
966.28,56.589,7722.1,331.47,12.758,190,30,118.09
1195.4,224.46,2085.6,363.16,4.1783,190,45,194.08
277.55,163.57,8074.9,356.09,5.2642,210,45,200.12
1411.8,162.75,8489.7,323.24,7.5156,210,30,104.41
811.59,165.24,2101.8,364.36,15.578,200,30,153.63
811.59,165.24,2101.8,364.36,15.578,200,45,204.01
1988.4,215.92,4593.9,335.83,3.3021,200,45,148.53
851.27,185.3,7375.5,323.31,17.885,200,30,124.74
1812,224.54,1743.8,337.22,5.7263,210,30,144.53
1415.4,284.03,4019,345.63,3.2304,210,45,170.46
1615.8,74.195,4827.3,370.92,6.9659,210,30,119.35
961.39,92.651,2328.6,356.23,19.524,200,30,149.41
372.49,234.17,4395.3,329.19,16.768,210,45,206.57
860.24,228.4,5279.8,318.45,19.733,210,30,135.54
1886.1,95.695,4184.7,318.11,12.959,190,30,116.29
238.35,112.85,6471.4,343.22,19.732,200,30,154.98
1932.8,178.65,4052.2,353.84,1.0822,190,45,154.79
898.15,224.95,5274.1,316.34,19.587,190,30,131.32
611.9,44.882,8677.4,359.26,10.613,200,30,129.81
596.33,162.58,7540.2,360.53,0.95793,210,30,136.21
657.44,37.568,4744.3,358.98,17.73,190,45,187.87
1975.3,234.23,4351.6,332.18,1.5416,200,45,151.69
1652,158.57,3872.1,351.24,1.5635,190,45,163.12
1610.6,112.94,2470.5,367.93,9.8709,190,45,180.44
1922.3,187.75,2628.4,353.92,2.6651,210,45,175.18
1252.6,68.308,6470.6,365.55,4.4341,190,45,152.63
1966.5,174.77,5943.1,317.26,5.4093,190,45,135.67
339,264.26,7056,325.63,9.4462,210,45,198.45
435.8,174.25,2637.5,352.08,18.859,210,30,160.23
521.69,294.23,3545.3,346.27,14.669,210,30,154.22
634.13,73.772,7333.1,347.62,19.47,200,30,133.4
594.61,275.58,2405.5,358.25,9.1818,190,30,154.06
1456.2,279.2,3636.8,325.11,8.8516,210,30,131.33
782.11,246.48,2055.3,352.68,9.9606,190,30,152.66
1943.6,114.53,6031.8,320.83,11.778,200,30,104.06
379.33,177.06,7186.1,362.51,4.2777,210,45,195.24
635.66,142.67,1656.1,351.5,17.772,210,45,213.48
1534.9,76.792,7910.3,334.72,8.6407,200,45,134.77
1628.8,289.89,2611.4,313.77,10.286,190,30,134.23
391.18,241.29,2797.5,364.92,11.021,190,30,156.92
1492,85.669,4495.2,316.4,16.968,200,45,161.85
1764.6,156.48,3879.1,319.96,14.04,210,45,162.38
390,291.42,4446.3,355.43,7.6595,200,30,153.47
1980.4,69.959,3185.7,355.39,11.293,190,30,123.32
639.38,248.44,5890.2,320.53,11.436,200,45,183.74
1353.2,185.85,8742.7,320.88,4.7629,190,30,102.86
1041.6,88.604,7368.8,364.19,0.9933,190,45,155.75
791.34,154.15,2343.1,373.07,13.675,190,45,200.57
1735.1,223.79,1177,337.93,6.5397,190,30,149.24
443.3,155.87,6900,361.99,7.0034,190,30,141.73
1095.8,215.62,3030.6,372.04,0.70459,210,30,143.66
547.53,113.64,5737.7,367.47,12.273,190,30,141.22
1114.2,49.146,6548.1,327.38,19.615,190,45,156.84
566.14,207.68,2235.8,362.85,8.4787,190,30,155.49
1030,218.15,1641,327.45,16.857,210,30,155.6
1425.1,60.748,2956.2,346.02,19.625,190,30,134.42
491.65,211.09,5754.2,369.76,5.5911,190,30,143.47
1407.3,293.08,4008.3,317.24,11.972,210,45,170.5
1242.5,220.63,2165.1,362.08,6.8515,210,30,147.87
315.37,207.98,8253.4,332.78,10.97,190,45,192.84
1382.9,143.02,8646,326.7,3.3211,210,45,136.96
835.75,73.149,6763.9,366.01,11.017,190,45,167.58
736.02,244.5,7395.6,343.14,2.8453,210,45,172.21
1987.6,57.602,4186.3,335.8,13.097,210,30,117.1
555.43,125.63,6952.8,343.01,19.148,190,30,136.5
1988.4,215.92,4593.9,335.83,3.3021,210,45,149.75
1760.5,155.05,1236.3,356.97,7.1297,190,30,148.21
1692.8,170.5,7192.9,324.19,6.6925,210,30,103.91
1546.6,162.46,1643.1,363.69,4.6764,200,45,195.33
1992.1,184.49,2893.4,313.51,14.508,190,45,166.74
1504.2,182.94,3264.8,323.93,19.844,200,30,131.89
1679.6,184.73,3945.7,314.43,13.454,210,45,163.78
1634.1,131.81,8979.9,322.56,12.035,190,45,124.57
1226.5,48.462,3112.9,370.4,15.318,190,45,181.7
1336.9,130.93,2213.6,347.31,19.886,190,30,142.46
889.53,160.56,8752,360.27,1.861,210,30,119.74
1495.7,246.27,2097.2,341.17,4.3015,210,45,191.25
1775,215.35,2690.9,346.58,4.1447,190,45,174.21
1652,158.57,3872.1,351.24,1.5635,210,30,126.02
478.33,167.91,8568.7,355.64,6.4057,190,30,135.18
609.92,220.95,4835.7,364.81,0.35477,190,45,190.22
1817.6,225.41,5654.8,320.85,7.1924,210,30,109.89
1153.9,235.58,2650.3,321.69,17.819,210,45,191.78
1033.5,276.07,6674.2,327.63,0.9304,200,45,161.6
1570.4,100.77,2438.3,346.94,19.819,190,30,136.76
1955,50.672,3564.1,356.79,11.809,200,45,160.33
339,264.26,7056,325.63,9.4462,190,45,194.93
957.76,47.048,6315.9,325.27,19.867,210,30,127.32
1353.2,185.85,8742.7,320.88,4.7629,200,30,103.92
663.42,220.48,4612.1,361.65,2.1571,210,30,145.17
929.86,213.31,1972.1,326.01,16.442,190,30,150.78
1755.1,223.49,4718.5,322.58,5.6756,210,45,154.08
494.22,132.53,7053.4,347.53,18.718,210,30,142.17
893.67,51.877,5983.6,343.76,17.416,190,30,128.07
777.41,57.429,5341.9,372.71,12.181,200,45,180.48
566.14,207.68,2235.8,362.85,8.4787,190,45,207.21
206.63,273.17,7343.7,336.5,11.522,190,45,204.25
919.15,49.429,6078.8,370.21,11.826,200,45,169.49
1159.2,50.543,5771.5,329.37,17.862,210,45,163.31
682.1,172.89,8437.6,322.11,12.268,200,45,168.22
470.12,166.03,5953,369.78,5.7474,190,30,143.68
1969.5,229.9,2654.3,343.5,3.0929,190,45,170.87
1346,167.67,7693.3,315.67,6.9995,190,30,107.32
588.41,288,2384.6,348.27,12.993,210,30,158.02
1955,50.672,3564.1,356.79,11.809,190,45,158.97
1892.6,129.45,1934.7,340.25,13.245,190,30,137.86
736.02,244.5,7395.6,343.14,2.8453,210,30,130.62
322.84,263.53,4553.8,327.04,13.994,210,45,208.51
1827.8,174.69,1545.4,326.19,13.337,190,30,143.43
1833.1,214.15,3836.8,341.81,3.9543,200,30,121.44
645.14,189.36,1344,364.73,14.223,200,30,160.87
908.25,282.07,6167,317.42,11.41,210,30,129.63
484.93,102.05,7423.2,341.68,15.788,200,30,139.81
588.41,288,2384.6,348.27,12.993,210,45,209.29
217.21,270.66,5352.7,354.21,4.4947,200,45,210.37
478.62,172.51,6854.2,372.15,6.0898,200,30,142.02
807.27,203.59,4784.1,319.56,18.819,200,45,182.83
1827.8,174.69,1545.4,326.19,13.337,210,45,194.11
1412.8,66.916,4206.2,331.17,17.075,210,30,127.88
1755.1,223.49,4718.5,322.58,5.6756,200,30,116.09
249.58,263.02,3112.6,359.45,11.766,200,45,214.99
758.76,48.833,5485.4,366.77,13.53,190,30,134.79
311.08,234.46,8517.1,327.93,10.095,190,45,192.38
1492,85.669,4495.2,316.4,16.968,210,30,124.11
1785.4,202.34,4165.1,314.52,7.2732,200,45,157.57
1299.2,186.65,1692.1,371.83,5.9608,210,30,151.57
243.84,197.27,5513.4,370.84,4.9877,200,45,208.24
1952.1,68.07,7110.1,345.34,7.685,210,45,129.4
1874.3,211.97,1443.6,337.24,4.3803,210,45,195.45
1223.4,104.24,7867.6,324.12,13.937,190,30,109.7
533.13,106.08,6657.5,362.03,11.704,200,45,185.72
1255.2,236.99,985.15,327.42,17.187,210,30,159.47
1751,36.455,2642.2,348.17,14.129,210,30,135.12
461.83,128.81,6304.3,342.72,16.717,200,45,191.5
1061.4,242.18,7501.9,317.45,7.7062,190,30,116.04
782.11,246.48,2055.3,352.68,9.9606,210,45,207.03
1550.1,171.1,8317.9,317.47,5.0013,190,30,99.868
659.78,155.92,7090.3,366.54,0.35889,190,30,132.66
1053.3,37.721,2682.3,356.97,18.074,200,30,145.11
1837.7,211.44,2306.1,331.72,9.4973,200,45,179.85
367.2,183.1,2708.8,365.15,12.683,190,30,157.82
1072.7,38.513,8190.4,355.88,7.5297,200,30,114.12
508.54,236.74,3126.1,372.8,10.21,200,30,154.62
1074.5,65.887,5829.4,367.87,5.7379,200,45,164.99
285.44,94.421,6354.6,364.62,9.3529,210,30,154.6
1827.8,174.69,1545.4,326.19,13.337,200,30,145.14
534.34,165.59,2763.2,349.19,19.983,210,45,208.39
721.83,168.92,8753.1,322.18,14.268,210,30,125.97
1038.4,121.84,1659.6,361.13,16.5,190,45,201.97
394.75,297.41,5135.7,356.81,6.9812,190,30,149.35
896,162.76,2063.7,367.38,13.328,190,45,200.6
1134.4,283.73,5840.1,319.62,6.9809,200,30,123.21
1867.4,83.579,3163.6,355.4,10.86,190,30,125.27
1883.5,148.74,2034.6,327.84,13.851,190,30,136.79
1546.5,184.78,8320.8,319.07,6.8357,190,30,99.866
350.14,215.51,8424.6,338.59,5.6469,200,45,191.28
851.27,185.3,7375.5,323.31,17.885,200,45,164.59
1969.5,229.9,2654.3,343.5,3.0929,200,45,172.35
1905.4,124.97,1510.9,354.87,10.444,190,30,143.08
1802.6,75.075,6579.9,342.73,7.3327,210,30,104.86
1826.8,233.72,4061.3,347.12,3.1366,200,30,119.81
1012.7,249.38,6548.4,334.26,3.1305,210,45,164.05
1105.3,92.736,7151.5,316.36,17.263,210,45,155.92
751.38,164.82,5904.9,322.67,18.659,200,45,178.05
1895.1,73.827,4103,355.76,11.115,190,30,116.81
238.35,112.85,6471.4,343.22,19.732,190,30,153.1
811.98,242.04,7756.8,324.13,9.1941,190,45,163.21
1492.9,140.83,1030.8,335.7,17.656,210,45,207.71
1366.9,107.48,4709.2,363.57,3.287,190,30,122.86
1652,158.57,3872.1,351.24,1.5635,200,45,164.5
1415.4,284.03,4019,345.63,3.2304,210,30,129.4
535.41,243.03,7967.2,332.06,8.4941,200,30,135.73
1660,236.6,3743.8,317.46,8.8779,190,30,123.78
977.54,296.18,3526.4,357.93,3.5544,190,30,139.32
400.55,243.14,5617.7,363.57,5.5239,190,45,196.48
722.83,159.11,5981.7,320.58,17.034,200,45,178.99
1692.8,170.5,7192.9,324.19,6.6925,200,45,134.71
1418.1,101.85,2459.7,373.11,11.516,210,30,142.24
1889.5,242.7,5404.5,324.16,4.3564,210,45,144.38
249.58,263.02,3112.6,359.45,11.766,190,45,213.12
791.34,154.15,2343.1,373.07,13.675,200,30,152.42
824.76,229.01,8703.2,343.78,2.8664,190,30,119.5
469.94,104.27,7820.2,343.17,12.675,200,30,139.37
1599.1,88.705,8219.7,338.93,0.95274,210,45,133.74
1680.8,115.29,5300.2,324.57,15.172,190,30,112.28
762.02,263.35,1766.6,337.71,14.635,190,45,206.23
1539.3,249.68,5112.5,320.6,5.7723,190,30,116.48
1463.4,256.49,5231.2,330.55,2.6204,210,30,120.11
278.13,269.4,6065.7,342.23,4.3816,200,45,204.31
1343.4,293.19,5273.8,337.12,0.39361,200,45,161.64
1407.3,293.08,4008.3,317.24,11.972,200,45,169.06
1012.7,249.38,6548.4,334.26,3.1305,200,45,162.69
1255.2,236.99,985.15,327.42,17.187,210,45,211.25
1335.9,255.91,2769.1,344.71,2.6424,200,45,184.6
1411.8,162.75,8489.7,323.24,7.5156,200,30,103.37
634.32,256.11,5915.9,342.67,0.92126,200,45,184.31
1299.2,186.65,1692.1,371.83,5.9608,190,30,148.03
224.04,193.53,5175.3,365.42,7.8509,200,45,210.43
258.8,145.6,6532.1,331.42,16.476,210,45,205.95
602.91,191.79,8171.3,353.01,1.9196,210,45,176.19
550.56,129.62,6029.1,370.81,8.794,190,45,186.2
964.74,265.7,2362.4,350.25,7.9813,200,45,197.95
1480.2,295.12,4554.1,336.76,2.4582,190,45,160.73
1845.7,191.22,6853,335.53,2.376,190,30,100.83
1755.1,223.49,4718.5,322.58,5.6756,210,30,117.38
1952.1,68.07,7110.1,345.34,7.685,200,30,98.247
606.36,290.67,6002.6,337.63,1.11,200,45,185.23
1875.5,146.18,3880.2,323.26,14.026,190,45,157.04
443.3,155.87,6900,361.99,7.0034,190,45,188.53
532.14,143.37,2768.5,368.4,15.37,200,45,206.62
1501.8,48.86,2815.9,363.95,10.598,210,45,181.48
1650.7,192.08,2540.3,347.35,0.36442,190,45,179.71
1038.4,121.84,1659.6,361.13,16.5,200,30,153.48
997.97,50.308,7662.8,360.73,6.5143,210,45,157.68
536.57,272.49,4754.3,352.35,7.2092,200,30,147.17
662.23,162.14,2289.5,368.59,14.47,190,30,153.35
1430.4,281.69,3863.6,344.36,0.51768,190,45,169.6
277.12,142.18,8202.5,327.14,15.52,200,45,197.85
315.37,207.98,8253.4,332.78,10.97,200,30,146.7
724.66,199.49,1047.2,339.01,16.52,190,45,213.27
470.12,166.03,5953,369.78,5.7474,190,45,190.98
636.68,277.18,5851.2,325.13,8.1942,210,30,140.68
1056,261.34,2065.2,356.2,6.6857,210,45,200.72
1705.6,44.017,4531.6,325.62,14.193,190,45,154.42
289.96,165.69,8376.6,336.41,15.194,200,30,147.95
388.92,94.513,4900.1,358.42,17.19,210,45,203.57
1280.7,130.88,4213.4,371.66,3.4225,190,45,169.61
1674.6,34.044,4941.4,329.62,13.192,210,45,153.93
1689.6,89.594,5453.8,353.22,0.43273,190,30,113.13
1382.9,143.02,8646,326.7,3.3211,200,45,135.89
1419.1,30.645,8643.8,344.9,7.0657,200,45,134.37
508.54,236.74,3126.1,372.8,10.21,190,45,203.55
835.75,73.149,6763.9,366.01,11.017,200,30,128.01
1091.1,195.01,7398.9,332.23,2.6901,210,45,155.47
1261.2,269.93,2986.5,319.3,13.594,210,45,185.34
1729.2,203.38,3327.9,318.49,9.5822,210,45,169.77
1261.2,269.93,2986.5,319.3,13.594,190,45,182.13
1421.8,258.63,1149.2,326.33,9.721,210,45,206.71
649.58,223.35,2519.6,347.36,18.916,190,45,202.86
594.61,275.58,2405.5,358.25,9.1818,210,45,209.06
1781.7,201.9,2795.3,319.28,9.0675,190,30,130.12
1205.2,297.86,3379.6,323.35,12.114,200,45,181.14
791.34,154.15,2343.1,373.07,13.675,200,45,202.39
365.96,276.86,3140.2,342.44,15.146,210,30,160.27
383.44,187.21,8593.6,331.78,13.514,210,30,143.52
1336.9,130.93,2213.6,347.31,19.886,210,30,145.81
634.32,256.11,5915.9,342.67,0.92126,200,30,139.16
1679.6,184.73,3945.7,314.43,13.454,210,30,124.51
1536.7,64.456,2965.8,338.85,18.622,210,45,178.66
751.38,164.82,5904.9,322.67,18.659,210,30,136.15
1204.4,238.93,1676.8,362.28,6.526,210,30,152.97
1141.6,272.99,6456.2,325.43,2.2083,200,45,158.28
1817.6,225.41,5654.8,320.85,7.1924,190,45,141.61
1659.8,165.52,6670.5,315.88,5.1735,190,30,105.12
1822.7,31.746,4988.6,349.21,6.1773,190,45,147.35
1294.7,97.487,7410.8,322.35,11.699,200,30,111.02
391.18,241.29,2797.5,364.92,11.021,210,45,213.07
1033.5,276.07,6674.2,327.63,0.9304,210,30,123.85
1719.3,107.36,2396.7,346.13,15.512,210,45,182.29
811.59,165.24,2101.8,364.36,15.578,190,45,202.19
846.48,150.57,7266.6,313.75,19.373,210,30,126.78
1943.6,114.53,6031.8,320.83,11.778,210,45,137.44
1195.4,224.46,2085.6,363.16,4.1783,210,45,197.58
1594.9,172.32,7904.5,320.64,4.7007,190,45,132.14
572.07,148.46,2160.1,349.15,19.748,200,45,209.35
1003.7,72.333,8944.8,355.91,4.41,200,30,113.49
604.59,223.3,4970,367.63,2.1179,200,30,143.99
908.59,49.314,8081.7,356.63,11.238,210,30,121.25
863.23,213.57,1001.3,347.86,16.436,210,45,215.84
1012.7,249.38,6548.4,334.26,3.1305,190,45,161.32
611.9,44.882,8677.4,359.26,10.613,210,45,172.99
908.25,282.07,6167,317.42,11.41,190,45,167.88
1992.1,184.49,2893.4,313.51,14.508,190,30,125.95
1006.8,246.36,3562.1,352.12,3.7242,210,30,141.67
330.67,86.489,4226,349.55,19.733,210,30,158.05
1972.5,115.81,7148.4,339.56,0.47622,190,30,99.412
1382.9,143.02,8646,326.7,3.3211,190,30,102.61
664.6,246.4,4249.8,360.04,0.38398,190,45,191.32
232.59,296.88,3432.5,342.28,13.802,200,45,214.72
954.03,85.876,1502.2,359.57,17.552,190,30,154.04
1717.4,218.8,3717.2,316.36,11.435,190,45,162.64
224.04,193.53,5175.3,365.42,7.8509,190,45,208.53
1267.9,278.08,6219.6,326.09,0.2633,190,45,157.06
1483.5,296.81,3522.7,316.48,11.703,210,45,173.55
248.78,227.99,3920.6,339.96,18.738,210,30,161.8
473.96,149.87,8000,335.42,13.204,200,45,183.5
396.84,241.96,4685.4,364.71,4.481,210,45,204.25
1760.6,203.22,1979.7,328.84,11.273,190,30,139.01
848.77,56.631,5839.8,368.41,9.7655,190,45,172.67
1937.4,102.82,4952.1,357.74,0.87098,200,45,147.3
1980.4,69.959,3185.7,355.39,11.293,200,30,124.72
1786.9,66.434,4157.9,359.67,5.2059,200,30,119.7
652,200.68,8574.9,342.98,2.3908,200,45,169.74
664.6,246.4,4249.8,360.04,0.38398,200,30,145.53
572.07,148.46,2160.1,349.15,19.748,190,30,155.68
704.78,40.139,7680.4,360.08,9.1841,190,45,169.33
1836.9,225.45,1020.1,340.26,5.199,200,30,152.36
1786.9,66.434,4157.9,359.67,5.2059,190,30,118.39
402.49,282.67,5542.8,359.53,4.9284,210,30,151.29
1425.1,60.748,2956.2,346.02,19.625,210,30,137.56
1580.1,129.92,5431.5,313.69,19.937,200,30,114.7
505.15,287.54,6314.1,342.39,6.9644,200,45,189.01
1305.2,55.416,7985.1,328.98,8.4241,210,30,109.38
1674.6,34.044,4941.4,329.62,13.192,200,30,116.02
1357.9,101.44,2277.3,340.79,19.489,190,45,188.1
1818.8,204.49,3511.3,343.71,3.6339,200,30,124.46
1674.1,211.95,5737,333.35,3.717,210,30,112.39
1414.7,190.67,4039.5,323.59,18.216,200,30,127.6
656.43,247.59,1533.6,340.51,14.841,200,45,212.16
773.09,286.56,6323,321.31,11.669,210,45,176.09
822.08,71.495,5922.8,338.25,17.61,210,45,176.2
1058.6,132.97,7983.1,358.85,1.0832,190,45,151.46
964.74,265.7,2362.4,350.25,7.9813,190,45,196.18
1204.4,238.93,1676.8,362.28,6.526,200,45,200.73
714.73,281.29,1616.8,345.55,15.41,200,45,210.35
1794,32.733,3724.7,337.27,14.655,200,45,162.06
461.83,128.81,6304.3,342.72,16.717,200,30,144.46
1523.9,139.29,8549.3,324.28,5.1452,200,30,100.54
682.1,172.89,8437.6,322.11,12.268,210,30,128.82
431.56,238.23,7622,345.1,7.0302,200,30,141.89
1084.2,223.83,7540.4,324.47,6.3637,190,45,152.08
1878.3,155.76,7295.2,328.34,2.1821,200,45,129.69
1277.8,94.697,8194.2,318.7,12.591,190,45,140.57
1599.1,88.705,8219.7,338.93,0.95274,200,30,101.36
1086.4,76.761,8123.7,350.86,7.3359,210,30,115.2
1963.1,194.21,2272.3,347.32,7.504,190,30,133.08
281,237.07,7522.2,345.32,6.8141,200,30,150.48
667.92,62.627,8862.5,358.58,11.095,190,30,125.23
1646.8,199.45,4004.2,345.1,3.2249,210,45,164.32
940.48,131.91,7949.8,319.38,15.777,210,30,120.59
1892.6,129.45,1934.7,340.25,13.245,210,30,141.09
1091.1,195.01,7398.9,332.23,2.6901,200,30,117.1
1335.9,255.91,2769.1,344.71,2.6424,190,30,137.77
1773.4,80.722,4668.1,331.42,14.83,190,45,151.34
606.36,290.67,6002.6,337.63,1.11,190,30,138.21
1628.4,160.69,7635.6,330.47,0.83406,210,45,136.57
782.11,246.48,2055.3,352.68,9.9606,200,45,205.17
1336.9,130.93,2213.6,347.31,19.886,190,45,189.33
604.59,223.3,4970,367.63,2.1179,210,30,145.57
1650.7,192.08,2540.3,347.35,0.36442,200,45,181.28
1061.1,204.29,8908.8,326.89,2.6382,200,45,147.01
705.75,217.03,5224,368.21,1.0157,210,30,141.22
425.1,222.41,5267,333.66,19.04,210,45,199.92
1114.2,49.146,6548.1,327.38,19.615,210,30,121.38
443.3,155.87,6900,361.99,7.0034,210,30,145.09
474.46,147.85,8342.6,331.55,12.272,210,30,139.17
1167.3,133.87,7717.9,320.77,13.723,200,30,113.13
1543.8,297.87,2039.6,330.47,8.2425,190,30,141.22
1775,215.35,2690.9,346.58,4.1447,210,45,177.2
566.14,207.68,2235.8,362.85,8.4787,200,30,157.34
1932.8,178.65,4052.2,353.84,1.0822,210,30,119.78
1876.8,201.88,1658.7,330.9,9.0137,210,30,144.82
908.59,49.314,8081.7,356.63,11.238,190,30,118.64
1634.1,131.81,8979.9,322.56,12.035,190,30,95.161
503.06,134.64,4623,372.11,13.598,200,30,148.8
1905.4,124.97,1510.9,354.87,10.444,210,30,146.47
1962.4,191.46,7284.2,321.28,5.0333,190,30,96.318
1628.6,152.85,3906.5,317.52,16.872,200,45,164.07
247.82,167.27,4014.3,350.29,18.884,210,45,214.13
578.32,248.53,4572.7,320.53,15.881,210,30,148.05
1127.3,273.54,3194.7,360.15,1.5458,210,30,141.65
1953,135.23,6363.4,348.8,3.6207,210,45,135.07
1255.2,236.99,985.15,327.42,17.187,200,30,157.6
855.01,155.36,2429.8,372.74,14.905,210,30,152.44
1880.1,169.68,6708.8,325.34,3.9314,200,30,101.77
954.9,288.22,1105.4,360.16,6.277,210,45,213.6
635.66,142.67,1656.1,351.5,17.772,200,30,159.2
1991.9,188.49,1023.2,330.74,14.587,210,30,152.78
1480.2,295.12,4554.1,336.76,2.4582,190,30,121.52
1879.4,125.65,1187.7,344.97,15.385,210,30,151.25
1463.4,256.49,5231.2,330.55,2.6204,200,45,156.57
1858.1,118.6,2376.1,345.05,13.867,190,30,133.28
1777.2,59.537,5743.5,353.96,5.7378,190,45,142.04
954.9,288.22,1105.4,360.16,6.277,190,45,209.77
1812,224.54,1743.8,337.22,5.7263,200,30,142.87
425.1,222.41,5267,333.66,19.04,210,30,151.13
1309.2,51.463,7862.5,340.23,6.595,190,45,141.59
1082.7,107.39,6277.8,368.69,3.8502,190,30,121.16
1233.8,124.34,1088,370.79,15.559,190,45,206.26
1440.3,252.52,3236.3,316.12,8.5362,210,30,134.94
1553.4,83.522,4672,326.29,17.733,190,45,157.1
311.92,99.234,6474.4,366.75,8.6121,210,30,152.92
1269.8,43.14,2850.3,369.63,15.584,210,45,186.65
1143.3,228.77,922.6,364.53,6.4838,210,30,161.17
1702.8,144.28,988.5,332.46,12.867,200,30,153.86
1653.8,140.51,7046.2,327.93,1.7225,200,45,137.56
1093.6,286.73,3658,317.34,12.51,200,30,137.31
824.76,229.01,8703.2,343.78,2.8664,200,30,120.85
793.6,81.068,6231.9,361.23,11.437,190,45,172.72
1256.4,213.04,7863.5,323.81,7.7405,190,45,143.41
1660,236.6,3743.8,317.46,8.8779,190,45,163.8
1786.9,66.434,4157.9,359.67,5.2059,210,45,159.03
909.87,248.41,4657.9,314.82,12.321,200,45,179.76
909.87,248.41,4657.9,314.82,12.321,190,30,134.28
402.49,282.67,5542.8,359.53,4.9284,200,45,198.53
532.14,143.37,2768.5,368.4,15.37,190,45,204.76
807.27,203.59,4784.1,319.56,18.819,210,30,139.74
1560.2,87.279,8218.7,342.67,3.2846,200,30,101.27
646.48,250.01,4411,358.04,3.3164,200,45,192.36
604.99,188.36,1472.2,357.26,17.464,190,45,211.62
1892,40.069,5635.7,332.9,15.517,200,45,140.81
539.89,238.54,7601.8,344.09,6.4912,190,45,179.41
547.53,113.64,5737.7,367.47,12.273,200,45,189.38
1421.6,99.409,8349.5,338.85,0.51488,210,30,106.94
731.47,210.88,8376.1,341.36,1.1391,190,30,124.57
1883.5,148.74,2034.6,327.84,13.851,210,30,139.98
217.21,270.66,5352.7,354.21,4.4947,190,30,156.43
393.21,147.68,2597.9,372.23,13.234,200,30,159.51
1908.2,229.49,4114.8,318.1,8.2683,210,30,119.08
1962.4,191.46,7284.2,321.28,5.0333,200,30,97.278
278.13,269.4,6065.7,342.23,4.3816,200,30,153.85
1483.5,296.81,3522.7,316.48,11.703,190,30,128.74
1550.4,117.13,8301.1,339.18,0.8944,190,30,101.1
889.53,160.56,8752,360.27,1.861,210,45,157.27
1079.5,69.208,3926.1,352.75,18.076,190,30,134.28
791.34,154.15,2343.1,373.07,13.675,190,30,150.62
601.6,286.23,1047.3,350.42,10.502,200,45,216.92
675.18,164.19,8154.2,323.91,12.092,210,45,171.46
1114.2,49.146,6548.1,327.38,19.615,200,45,158.17
1560.2,87.279,8218.7,342.67,3.2846,190,30,100.23
400.55,243.14,5617.7,363.57,5.5239,200,30,149.25
1042.6,68.082,7460.4,352.82,7.301,190,45,154.29
291.43,94.271,6172.7,369.1,9.7661,190,45,201.21
1867.4,83.579,3163.6,355.4,10.86,200,30,126.69
1943.6,114.53,6031.8,320.83,11.778,210,30,105.14
1751,36.455,2642.2,348.17,14.129,210,45,178.18
724.66,199.49,1047.2,339.01,16.52,200,30,161.88
1759.8,175.99,3170.3,323.33,14.312,190,45,168.03
431.56,238.23,7622,345.1,7.0302,200,45,188.06
656.43,247.59,1533.6,340.51,14.841,190,30,157.68
552.11,202.35,3849.7,347.17,19.281,190,45,197.6
489.78,153.91,7087.5,366.88,6.9472,200,30,140.75
1585.3,63.444,7669.9,347.09,6.8133,210,30,103.97
291.43,94.271,6172.7,369.1,9.7661,200,30,152.93
243.84,197.27,5513.4,370.84,4.9877,210,30,158.45
1719.3,107.36,2396.7,346.13,15.512,210,30,138.15
1030,218.15,1641,327.45,16.857,210,45,205.99
628.1,249.84,4670.2,356.68,2.5534,210,45,193.22
393.21,147.68,2597.9,372.23,13.234,210,45,213.93
350.2,268.35,5880.1,330.25,12.04,210,45,201.92
219.11,164.45,6097.2,331.72,16.637,200,30,156.64
1408.7,56.082,3742.2,346.83,19.64,210,45,173.13
484.93,102.05,7423.2,341.68,15.788,190,45,183.55
388.92,94.513,4900.1,358.42,17.19,210,30,153.82
777.24,203.27,1557.4,369.44,8.5089,190,45,207.9
1422.8,129.28,4730.6,315.02,16.902,200,45,161.69
580.69,49.541,7233.2,348.25,19.277,190,30,134.5
339.42,229.76,2847,339.6,16.907,200,45,212.59
1536.7,64.456,2965.8,338.85,18.622,200,45,177.13
536.57,272.49,4754.3,352.35,7.2092,210,45,196.83
1421.6,99.409,8349.5,338.85,0.51488,200,45,138.78
263.13,150.56,2524.6,370.42,12.399,190,30,160.82
1003.7,72.333,8944.8,355.91,4.41,210,45,150.45
417.92,232.01,7626.4,337.81,6.6271,210,45,190.65
1606.3,48.867,3791.4,346.22,18.655,210,45,167.29
1280.7,130.88,4213.4,371.66,3.4225,210,30,130.94
1020.7,47.346,3795.3,372.17,14.953,210,30,139.7
811.98,242.04,7756.8,324.13,9.1941,190,30,123.31
534.34,165.59,2763.2,349.19,19.983,200,45,206.53
590.56,143.35,7032.9,318.59,16.893,200,30,136.32
721.83,168.92,8753.1,322.18,14.268,210,45,165.76
776.56,155.8,8286.3,323.56,14.301,210,30,125.4
1397.2,92.901,1456.5,361.34,8.2,200,45,200.54
989.13,44.255,3212.9,373.04,13.196,190,45,187.4
851.27,185.3,7375.5,323.31,17.885,190,30,123.35
289.68,191.5,3367.6,370.15,14.821,210,45,214.38
1867.4,83.579,3163.6,355.4,10.86,190,45,165.85
446.43,175.76,7311.9,330.82,18.986,200,45,188.11
1626.6,139.31,8153.8,314.23,6.6023,210,30,100.87
777.24,203.27,1557.4,369.44,8.5089,210,30,159.76
474.46,147.85,8342.6,331.55,12.272,200,30,137.53
860.24,228.4,5279.8,318.45,19.733,190,30,132.46
260.45,85.534,8646.4,340.68,15.886,190,45,196.31
1498.5,275.26,3802.6,316.06,9.9151,210,45,170.14
613.75,286.13,2057.5,351.79,9.3025,190,45,207.27
1143.3,228.77,922.6,364.53,6.4838,190,30,157.35
245.93,105.53,8479.7,357.74,10.356,210,30,152.4
322.84,263.53,4553.8,327.04,13.994,190,30,153.71
1534.2,190.55,8848.8,327.58,1.3428,210,30,100.86
1061.1,204.29,8908.8,326.89,2.6382,210,30,113.01
690.17,275.79,6984.6,339.51,0.89708,210,45,177.22
957.76,47.048,6315.9,325.27,19.867,200,30,125.9
494,241.85,3891.1,339.23,18.808,190,30,150.08
648.73,200.86,5349,318.74,18.277,210,45,187.91
657.55,289.06,2169.6,337.43,13.691,210,30,157.82
652,200.68,8574.9,342.98,2.3908,190,45,168.3
1875.8,156.02,1125.1,352.01,4.6517,200,30,150.51
1717.9,232.61,3241.8,346.39,4.1326,190,30,127.09
1632.4,146.42,8533.3,322.15,6.186,200,45,128.29
508.54,236.74,3126.1,372.8,10.21,210,45,207.19
1151.7,220.32,1432.9,325.63,19.647,210,45,206.4
1729.7,68.578,4469.2,359.44,6.122,210,30,119.68
743.74,69.43,4156.6,358.95,16.588,190,30,141.57
484.93,102.05,7423.2,341.68,15.788,210,45,186.81
424.88,166.06,6825.3,327.82,18.48,200,30,144.48
1615.8,74.195,4827.3,370.92,6.9659,210,45,156.78
307.68,299.66,3533.6,338.33,14.779,190,30,156.98
661.71,76.795,6657.8,343.04,17.899,190,45,176.79
1252.6,59.99,8731.6,356.37,4.4745,190,45,138.89
1178.7,261.64,6303.3,320.17,6.1469,200,30,119.61
848.77,56.631,5839.8,368.41,9.7655,210,30,133.21
1291,74.076,3654.1,344.22,19.064,210,30,134.54
634.2,166.67,8498.6,352.9,0.25207,210,30,132.4
1594.9,172.32,7904.5,320.64,4.7007,210,30,102.78
1178.7,261.64,6303.3,320.17,6.1469,190,30,118.29
1217.4,212.22,8068.3,316.14,7.5121,190,30,109.09
1655.3,190.61,2566.8,321.58,13.961,190,30,134.25
1030,218.15,1641,327.45,16.857,200,45,204.15
1987.6,57.602,4186.3,335.8,13.097,190,30,114.57
1888.2,214.76,2611.4,320.03,11.949,190,30,130.37
676.93,51.545,8439,356.78,11.401,200,45,168.6
1807.8,160.99,6711.3,324.97,5.3371,200,30,103.03
1341.6,180.41,1238.5,365.29,8.0165,190,30,152.23
315.37,207.98,8253.4,332.78,10.97,210,45,196.28
289.96,165.69,8376.6,336.41,15.194,190,45,194.5
367.2,183.1,2708.8,365.15,12.683,200,30,159.72
219.11,164.45,6097.2,331.72,16.637,200,45,208.17
1192.9,42.969,3668.7,369.82,16.016,190,30,133.48
1413,138.79,7972.5,317.94,4.5196,190,45,137.48
588.41,288,2384.6,348.27,12.993,200,45,207.45
311.92,99.234,6474.4,366.75,8.6121,210,45,202.48
949.04,241.14,3722.5,320.03,17.712,200,30,140.22
1095.8,215.62,3030.6,372.04,0.70459,190,45,186.58
1883.5,148.74,2034.6,327.84,13.851,200,45,183.2
1530.2,95.35,5377.1,370.34,2.3198,190,30,115.28
1845.7,191.22,6853,335.53,2.376,210,30,102.92
1972.5,115.81,7148.4,339.56,0.47622,200,30,100.44
928,294.95,6308,317.92,6.2437,200,45,167.68
659.78,155.92,7090.3,366.54,0.35889,200,30,134.19
1626.6,139.31,8153.8,314.23,6.6023,200,30,99.847
1955.7,106.68,5227.8,357.93,1.9811,200,30,109.31
1646.8,199.45,4004.2,345.1,3.2249,210,30,124.87
498.7,179.31,8553.8,349.73,6.7472,190,45,177.99
628.1,249.84,4670.2,356.68,2.5534,200,30,144.5
1084.2,223.83,7540.4,324.47,6.3637,200,30,116.49
1412.8,66.916,4206.2,331.17,17.075,190,30,125.03
1395.1,34.459,8584.2,326.52,8.4366,190,45,134.39
1987.6,57.602,4186.3,335.8,13.097,200,30,115.84
636.68,277.18,5851.2,325.13,8.1942,190,45,182.55
885.46,296.75,6052.4,315.89,11.305,200,45,171.07
1964.7,232.73,3142.5,345.49,1.1228,200,30,125.82
1267.9,278.08,6219.6,326.09,0.2633,200,45,158.38
1020.7,47.346,3795.3,372.17,14.953,190,30,136.51
1941.4,85.595,4792.8,358.27,3.8816,200,45,147.63
469.94,104.27,7820.2,343.17,12.675,210,45,186.14
1905.6,161.23,1937.5,360.83,6.1383,190,45,182.96
1683,233.3,3743.3,317.46,10.874,200,45,164.59
435.8,174.25,2637.5,352.08,18.859,200,45,210.37
684.95,171.4,8514,321.07,12.401,210,30,128.45
1348,130.51,1091.3,362.07,12.029,200,30,155.61
997.75,57.716,3387,359.57,16.49,200,30,141.29
1504.2,182.94,3264.8,323.93,19.844,190,30,130.38
345.05,175.92,7177.5,332.49,16.762,190,45,194.02
1785.4,202.34,4165.1,314.52,7.2732,190,30,118.27
494.22,132.53,7053.4,347.53,18.718,190,45,184.55
1770.1,105.91,6572.2,318.34,10.391,200,30,104.36
1305.2,55.416,7985.1,328.98,8.4241,210,45,143.24
940.48,131.91,7949.8,319.38,15.777,190,30,117.96
743.74,69.43,4156.6,358.95,16.588,210,45,191.47
1628.4,160.69,7635.6,330.47,0.83406,190,45,134.43
646.48,250.01,4411,358.04,3.3164,200,30,145.01
393.4,88.037,7030.3,373.14,8.4898,200,30,145.55
1980.2,78.688,4707.4,327.98,12.128,200,30,112.01
954.9,288.22,1105.4,360.16,6.277,200,45,211.69
1153.9,235.58,2650.3,321.69,17.819,200,45,190.09
1357.9,101.44,2277.3,340.79,19.489,210,45,191.44
997.97,50.308,7662.8,360.73,6.5143,200,45,156.4
1020.7,47.346,3795.3,372.17,14.953,210,45,184.43
642.82,147.2,7856.1,318.01,13.059,190,30,129.66
393.4,88.037,7030.3,373.14,8.4898,190,30,143.91
1775.9,202.55,5591.6,328.4,1.5916,200,45,145.08
494,241.85,3891.1,339.23,18.808,190,45,199.75
1880.1,169.68,6708.8,325.34,3.9314,200,45,133.25
524.49,98.334,4727.6,360.26,19.523,200,30,147.58
499.92,251.23,7209.7,328.21,9.1917,190,30,138.24
649.58,223.35,2519.6,347.36,18.916,190,30,152.33
1943.6,80.861,3589.7,339.34,14.545,210,45,161.54
1510.8,158.24,8362.7,337.06,2.0007,210,45,134.66
704.78,40.139,7680.4,360.08,9.1841,210,45,172.25
607.26,217.46,4279.1,361.46,1.8417,210,30,148.6
1280.7,130.88,4213.4,371.66,3.4225,190,30,128.05
1746,191.73,2872.3,314.03,16.007,200,45,173.6
1134.4,283.73,5840.1,319.62,6.9809,200,45,162.54
565.97,197.6,1117.6,363.54,9.8823,200,45,216.92
949.04,241.14,3722.5,320.03,17.712,210,30,141.89
391.18,241.29,2797.5,364.92,11.021,190,45,209.24
1628.6,152.85,3906.5,317.52,16.872,190,45,162.7
1082.7,107.39,6277.8,368.69,3.8502,190,45,160.3
329.01,149.54,8531.6,355.18,4.879,210,30,146.99
278.13,269.4,6065.7,342.23,4.3816,190,30,151.92
1343.4,293.19,5273.8,337.12,0.39361,210,30,123.9
812.62,165.19,5938.4,319.13,18.903,190,45,173.47
484.93,102.05,7423.2,341.68,15.788,210,30,141.45
478.33,167.91,8568.7,355.64,6.4057,190,45,179.4
639.38,248.44,5890.2,320.53,11.436,210,30,140.35
1955.7,106.68,5227.8,357.93,1.9811,200,45,143.6
1226.5,48.462,3112.9,370.4,15.318,200,30,138.47
1892,40.069,5635.7,332.9,15.517,200,30,107.34
1717.4,218.8,3717.2,316.36,11.435,200,30,124.31
1454.1,45.82,2822,369.36,10.847,210,45,182.52
896,162.76,2063.7,367.38,13.328,200,30,152.49
1223.4,104.24,7867.6,324.12,13.937,200,30,110.88
1407.3,293.08,4008.3,317.24,11.972,210,30,129.45
1964.7,232.73,3142.5,345.49,1.1228,200,45,166.11
824.76,229.01,8703.2,343.78,2.8664,200,45,159.34
1305.4,250.05,3559.5,346.03,1.044,200,45,177.03
1543.8,297.87,2039.6,330.47,8.2425,190,45,187.74
1204.4,238.93,1676.8,362.28,6.526,200,30,151.19
547.53,113.64,5737.7,367.47,12.273,200,30,142.93
1724.1,97.43,5535,356.96,3.5607,190,30,110.24
829.46,244.01,8235.2,317.41,10.975,210,45,162.47
216.53,276.01,3399.8,341.95,12.703,210,45,217.43
277.55,163.57,8074.9,356.09,5.2642,210,30,151.21
1357.9,101.44,2277.3,340.79,19.489,210,30,144.88
1908.2,229.49,4114.8,318.1,8.2683,200,45,155.12
825.27,186.45,1736.4,356.12,18.49,190,45,205.21
245.93,105.53,8479.7,357.74,10.356,200,30,150.64
1926.2,158.45,2238.1,333.68,15.967,190,45,177.58
424.58,200.06,8634.3,327.59,8.1324,200,30,139.48
224.04,193.53,5175.3,365.42,7.8509,210,45,212.27
322.84,263.53,4553.8,327.04,13.994,210,30,157.42
878.12,49.104,7204.4,337.35,19.017,190,30,123.16
825.27,186.45,1736.4,356.12,18.49,190,30,154.02
1660.4,122.35,5150,359.78,0.33919,210,30,118.47
1105.3,92.736,7151.5,316.36,17.263,190,45,153.35
597.59,57.945,5042.8,357.41,19.781,210,30,145.42
1653.8,140.51,7046.2,327.93,1.7225,210,45,138.66
478.62,172.51,6854.2,372.15,6.0898,190,45,186.56
645.33,204.3,5725.5,314.59,16.839,200,30,139.18
1926.1,60.287,7335.9,326.64,9.664,190,30,96.557
1414.1,99.449,8503.6,321.99,8.4526,210,45,136.31
291.43,94.271,6172.7,369.1,9.7661,200,45,203.03
216.53,276.01,3399.8,341.95,12.703,190,30,160.07
254.05,245.57,4732.9,332.84,19.548,200,45,209.71
1357.9,101.44,2277.3,340.79,19.489,190,30,141.55
858.86,182.35,6985.5,364.13,3.3714,210,45,168.25
1705.4,141.34,2519.5,353.47,8.0909,190,45,177.84
1352.8,106.1,7522.2,347.94,2.9986,200,45,143.58
1533,170.16,8510.4,316.06,6.6954,200,45,131.4
1747.5,86.587,4546.6,316.07,13.893,210,45,155.77
1645.3,162.88,3534.4,352.67,0.40825,200,30,128.26
1626.6,139.31,8153.8,314.23,6.6023,210,45,131.64
1539.3,249.68,5112.5,320.6,5.7723,210,45,156.39
762.02,263.35,1766.6,337.71,14.635,190,30,154.79
1056,261.34,2065.2,356.2,6.6857,200,30,149.93
1770.1,105.91,6572.2,318.34,10.391,190,30,103.27
1822.7,31.746,4988.6,349.21,6.1773,210,45,149.78
263.13,150.56,2524.6,370.42,12.399,210,30,164.75
1810.9,120.11,5060.8,316.54,12.412,210,30,113.79
1269.8,43.14,2850.3,369.63,15.584,200,45,185.04
1889.5,242.7,5404.5,324.16,4.3564,190,30,107.89
565.97,197.6,1117.6,363.54,9.8823,210,45,218.87
1475.7,276.11,1784.2,325.81,11.212,190,30,144.78
1926.2,158.45,2238.1,333.68,15.967,210,30,136.97
591.69,140.62,8439.5,357.67,0.64866,190,45,173.16
1114.2,49.146,6548.1,327.38,19.615,200,30,120.05
982.27,286.01,4065.7,322.19,13.424,210,45,183.37
1141.6,272.99,6456.2,325.43,2.2083,200,30,120.07
248.98,127.28,4670.6,350.33,19.211,200,45,210.21
922.37,228.37,2297.8,368.53,5.892,210,30,152.19
961.39,92.651,2328.6,356.23,19.524,190,45,196.44
462.8,146.42,7800.4,327.24,15.319,200,45,185.06
1536.7,64.456,2965.8,338.85,18.622,190,30,132.42
1226.5,48.462,3112.9,370.4,15.318,190,30,136.87
736.02,244.5,7395.6,343.14,2.8453,200,30,129.21
864.03,218.87,1600.3,346.89,18.716,210,45,209.51
851.27,185.3,7375.5,323.31,17.885,190,45,163.18
1546.5,184.78,8320.8,319.07,6.8357,200,45,132.05
1836.9,225.45,1020.1,340.26,5.199,190,45,200.51
1127.3,273.54,3194.7,360.15,1.5458,200,30,140.05
489.78,153.91,7087.5,366.88,6.9472,210,30,142.42
1560.2,87.279,8218.7,342.67,3.2846,190,45,131.55
863.98,80.686,7929.1,348.93,14.887,210,45,162.33
695.66,298.58,6863.6,318.75,10.786,190,45,173.95
908.59,49.314,8081.7,356.63,11.238,200,45,158.05
791.34,154.15,2343.1,373.07,13.675,210,45,204.16
1510.8,158.24,8362.7,337.06,2.0007,210,30,103.06
1033.5,276.07,6674.2,327.63,0.9304,190,45,160.25
1126.8,116.17,1871.5,359.81,18.32,190,30,148.63
245.93,105.53,8479.7,357.74,10.356,190,30,148.83
826.54,297.24,1334.2,347.18,14.93,210,30,160.69
885.46,296.75,6052.4,315.89,11.305,190,45,169.6
1628.4,160.69,7635.6,330.47,0.83406,200,30,103.41
1313.2,31.373,5565.8,330.92,16.745,200,30,120.04
1164.5,55.291,2725.4,360.5,18.018,210,45,190.7
285.44,94.421,6354.6,364.62,9.3529,210,45,204.67
494,241.85,3891.1,339.23,18.808,210,30,153.68
350.14,215.51,8424.6,338.59,5.6469,210,30,145.93
1665.6,206.47,2925.2,344.26,3.2116,200,45,175
1414.7,190.67,4039.5,323.59,18.216,200,45,168.46
1827.8,174.69,1545.4,326.19,13.337,190,45,190.7
431.56,238.23,7622,345.1,7.0302,210,45,189.71
969.53,231.09,1658.7,330.88,17.752,210,30,156.27
1252.6,59.99,8731.6,356.37,4.4745,210,45,141.14
1991.9,188.49,1023.2,330.74,14.587,200,30,150.99
1908.2,229.49,4114.8,318.1,8.2683,190,45,153.85
1874.3,211.97,1443.6,337.24,4.3803,190,45,192.03
661.71,76.795,6657.8,343.04,17.899,190,30,133.29
1346,167.67,7693.3,315.67,6.9995,200,45,142.41
428.51,267.68,4677.1,350.42,7.7742,210,45,202.6
807.27,203.59,4784.1,319.56,18.819,190,45,181.23
259.42,282.44,5164.4,351.61,7.7267,200,45,208.18
1489.8,75.681,8125.2,337.9,5.5026,200,30,103.12
289.68,191.5,3367.6,370.15,14.821,210,30,161.79
825.27,186.45,1736.4,356.12,18.49,200,30,155.87
1342.3,121.36,5108.2,314.54,17.226,210,30,123.4
646.48,250.01,4411,358.04,3.3164,190,30,143.32
863.23,213.57,1001.3,347.86,16.436,190,45,211.96
1996.7,213.79,4773.3,314.12,5.215,190,30,110.2
1747.5,86.587,4546.6,316.07,13.893,200,30,117.34
1818.8,204.49,3511.3,343.71,3.6339,210,45,165.67
1058.6,132.97,7983.1,358.85,1.0832,200,45,152.73
1127.3,273.54,3194.7,360.15,1.5458,200,45,185.55
1536.7,64.456,2965.8,338.85,18.622,210,30,135.48
846.48,150.57,7266.6,313.75,19.373,200,30,125.35
565.97,197.6,1117.6,363.54,9.8823,210,30,165.06
646.48,250.01,4411,358.04,3.3164,210,45,194
491.65,211.09,5754.2,369.76,5.5911,210,30,146.83
1679.6,184.73,3945.7,314.43,13.454,190,30,121.77
1048.9,78.313,8565.6,327.98,12.85,210,45,150.11
690.17,275.79,6984.6,339.51,0.89708,210,30,134.35
1395.1,34.459,8584.2,326.52,8.4366,210,45,136.54
1760.6,203.22,1979.7,328.84,11.273,190,45,184.64
1652.6,96.675,6449.3,338.16,2.1981,210,45,142.72
369.03,188,8494.9,350.41,4.8143,190,45,187.82
1432.8,265.88,3689.3,315.07,10.39,210,45,173.13
611.9,44.882,8677.4,359.26,10.613,190,45,170.06
1411.8,162.75,8489.7,323.24,7.5156,200,45,135.43
1785.4,202.34,4165.1,314.52,7.2732,200,30,119.57
812.62,165.19,5938.4,319.13,18.903,200,45,174.98
1291,74.076,3654.1,344.22,19.064,190,30,131.5
317.96,91.77,8192.5,360.56,10.837,200,30,146.7
276.49,247.65,3847.6,349.98,11.901,210,30,161.03
1735.1,223.79,1177,337.93,6.5397,210,45,202.25
898.15,224.95,5274.1,316.34,19.587,190,45,174.13
1597.2,141.97,3178.4,314.55,18.319,200,45,173.1
1004,136.82,8363.2,322.12,15.231,200,45,151.93
1594.9,172.32,7904.5,320.64,4.7007,200,30,101.71
664.6,246.4,4249.8,360.04,0.38398,190,30,143.83
1837.7,211.44,2306.1,331.72,9.4973,190,30,134.35
1876.8,201.88,1658.7,330.9,9.0137,200,45,189.73
1626.6,139.31,8153.8,314.23,6.6023,190,30,98.825
704.78,40.139,7680.4,360.08,9.1841,190,30,127.83
1759.8,175.99,3170.3,323.33,14.312,210,45,170.94
922.37,228.37,2297.8,368.53,5.892,190,45,197.9
1980.2,78.688,4707.4,327.98,12.128,210,45,148.42
914.93,58.6,7564.2,347.78,14.288,200,30,121.78
400.55,243.14,5617.7,363.57,5.5239,210,45,199.95
1822.7,31.746,4988.6,349.21,6.1773,190,30,111.78
1585.3,63.444,7669.9,347.09,6.8133,200,30,102.91
1903.7,182.49,6681.5,319.44,5.0105,210,45,133.78
253.21,166.77,2567.5,351.06,19.689,210,45,218.51
697.02,50.772,7181.3,371.66,10.954,200,45,173.79
1817.6,225.41,5654.8,320.85,7.1924,200,30,108.73
1867.4,210.6,2620.1,341.7,3.04,200,45,174.86
283.5,179.41,8048.5,355.64,4.7105,200,30,149.14
1534.2,190.55,8848.8,327.58,1.3428,200,45,130.62
705.75,217.03,5224,368.21,1.0157,210,45,186.47
1659.8,165.52,6670.5,315.88,5.1735,210,45,140.46
1735.1,223.79,1177,337.93,6.5397,200,45,200.48
714.73,281.29,1616.8,345.55,15.41,210,45,212.23
858.86,182.35,6985.5,364.13,3.3714,190,45,165.44
1550.1,171.1,8317.9,317.47,5.0013,200,30,100.9
1530.2,95.35,5377.1,370.34,2.3198,210,30,117.8
1659.8,165.52,6670.5,315.88,5.1735,200,45,139.36
1048.9,78.313,8565.6,327.98,12.85,190,45,147.67
307.68,299.66,3533.6,338.33,14.779,210,30,160.79
440.74,221.52,7805.4,343.03,6.6052,200,45,186.68
648.73,200.86,5349,318.74,18.277,200,45,186.27
885.46,296.75,6052.4,315.89,11.305,210,30,130.92
289.96,165.69,8376.6,336.41,15.194,190,30,146.18
675.18,164.19,8154.2,323.91,12.092,200,45,170.02
1674.6,34.044,4941.4,329.62,13.192,190,30,114.76
633.67,165.4,6805.5,315.85,19.062,210,30,136.91
1030,218.15,1641,327.45,16.857,190,30,151.93
1674.1,211.95,5737,333.35,3.717,190,30,110.01
1735.1,223.79,1177,337.93,6.5397,200,30,151.03
283.5,179.41,8048.5,355.64,4.7105,190,30,147.44
1817.6,225.41,5654.8,320.85,7.1924,210,45,143.91
721.83,168.92,8753.1,322.18,14.268,190,45,162.97
1058.6,132.97,7983.1,358.85,1.0832,200,30,116.06
782.11,246.48,2055.3,352.68,9.9606,190,45,203.32
723.09,278.24,2346.6,340.46,13.61,200,30,153.7
963.29,117.82,7757.9,359.13,2.1019,190,45,156.44
982.27,286.01,4065.7,322.19,13.424,200,45,181.78
254.05,245.57,4732.9,332.84,19.548,200,30,157.77
685.36,165.48,6734.5,319.42,19.736,210,30,135.07
